instance;relaxed_val;relaxed_time;apx_val;apx_time;num_vertices
../../../testInst/m10Q10s000.tsp.ccpdp;3223.39;14;3801.86;30;22
../../../testInst/m10Q10s111.tsp.ccpdp;3129.82;6;3943.44;23;22
../../../testInst/m10Q10s222.tsp.ccpdp;3368.16;6;3899.52;27;22
../../../testInst/m10Q10s333.tsp.ccpdp;3234.52;6;3989.17;28;22
../../../testInst/m10Q10s444.tsp.ccpdp;3631.9;6;4302.38;24;22
../../../testInst/m10Q10s555.tsp.ccpdp;3066.49;6;4065.18;35;22
../../../testInst/m10Q10s666.tsp.ccpdp;3093.52;6;4481.48;35;22
../../../testInst/m10Q10s777.tsp.ccpdp;3631.02;6;4345.31;36;22
../../../testInst/m10Q10s888.tsp.ccpdp;3189.82;6;4034.17;41;22
../../../testInst/m10Q10s999.tsp.ccpdp;2776.3;6;4093.34;28;22
../../../testInst/m10Q15s000.tsp.ccpdp;3223.39;6;3801.86;29;22
../../../testInst/m10Q15s111.tsp.ccpdp;3129.82;6;3943.44;23;22
../../../testInst/m10Q15s222.tsp.ccpdp;3368.16;6;3899.52;28;22
../../../testInst/m10Q15s333.tsp.ccpdp;3234.52;6;3989.17;27;22
../../../testInst/m10Q15s444.tsp.ccpdp;3631.9;5;4302.38;23;22
../../../testInst/m10Q15s555.tsp.ccpdp;3066.49;6;4065.18;33;22
../../../testInst/m10Q15s666.tsp.ccpdp;3093.52;5;4481.48;36;22
../../../testInst/m10Q15s777.tsp.ccpdp;3631.02;6;4345.31;32;22
../../../testInst/m10Q15s888.tsp.ccpdp;3189.82;6;4034.17;41;22
../../../testInst/m10Q15s999.tsp.ccpdp;2776.3;6;4093.34;29;22
../../../testInst/m10Q20s000.tsp.ccpdp;3223.39;6;3801.86;28;22
../../../testInst/m10Q20s111.tsp.ccpdp;3129.82;6;3943.44;26;22
../../../testInst/m10Q20s222.tsp.ccpdp;3368.16;6;3899.52;27;22
../../../testInst/m10Q20s333.tsp.ccpdp;3234.52;6;3989.17;26;22
../../../testInst/m10Q20s444.tsp.ccpdp;3631.9;6;4302.38;22;22
../../../testInst/m10Q20s555.tsp.ccpdp;3066.49;5;4065.18;34;22
../../../testInst/m10Q20s666.tsp.ccpdp;3093.52;6;4481.48;34;22
../../../testInst/m10Q20s777.tsp.ccpdp;3631.02;6;4345.31;32;22
../../../testInst/m10Q20s888.tsp.ccpdp;3189.82;6;4034.17;41;22
../../../testInst/m10Q20s999.tsp.ccpdp;2776.3;5;4093.34;26;22
../../../testInst/m10Q25s000.tsp.ccpdp;3223.39;6;3801.86;28;22
../../../testInst/m10Q25s111.tsp.ccpdp;3129.82;5;3943.44;23;22
../../../testInst/m10Q25s222.tsp.ccpdp;3368.16;5;3899.52;27;22
../../../testInst/m10Q25s333.tsp.ccpdp;3234.52;5;3989.17;27;22
../../../testInst/m10Q25s444.tsp.ccpdp;3631.9;6;4302.38;23;22
../../../testInst/m10Q25s555.tsp.ccpdp;3066.49;6;4065.18;33;22
../../../testInst/m10Q25s666.tsp.ccpdp;3093.52;5;4481.48;34;22
../../../testInst/m10Q25s777.tsp.ccpdp;3631.02;6;4345.31;33;22
../../../testInst/m10Q25s888.tsp.ccpdp;3189.82;6;4034.17;40;22
../../../testInst/m10Q25s999.tsp.ccpdp;2776.3;6;4093.34;27;22
../../../testInst/m10Q30s000.tsp.ccpdp;3223.39;6;3801.86;28;22
../../../testInst/m10Q30s111.tsp.ccpdp;3129.82;5;3943.44;22;22
../../../testInst/m10Q30s222.tsp.ccpdp;3368.16;6;3899.52;28;22
../../../testInst/m10Q30s333.tsp.ccpdp;3234.52;6;3989.17;26;22
../../../testInst/m10Q30s444.tsp.ccpdp;3631.9;6;4302.38;23;22
../../../testInst/m10Q30s555.tsp.ccpdp;3066.49;6;4065.18;35;22
../../../testInst/m10Q30s666.tsp.ccpdp;3093.52;5;4481.48;34;22
../../../testInst/m10Q30s777.tsp.ccpdp;3631.02;6;4345.31;34;22
../../../testInst/m10Q30s888.tsp.ccpdp;3189.82;5;4034.17;40;22
../../../testInst/m10Q30s999.tsp.ccpdp;2776.3;6;4093.34;27;22
../../../testInst/m10Q500s000.tsp.ccpdp;3223.39;5;3801.86;28;22
../../../testInst/m10Q500s111.tsp.ccpdp;3129.82;6;3943.44;23;22
../../../testInst/m10Q500s222.tsp.ccpdp;3368.16;6;3899.52;26;22
../../../testInst/m10Q500s333.tsp.ccpdp;3234.52;5;3989.17;26;22
../../../testInst/m10Q500s444.tsp.ccpdp;3631.9;6;4302.38;23;22
../../../testInst/m10Q500s555.tsp.ccpdp;3066.49;6;4065.18;33;22
../../../testInst/m10Q500s666.tsp.ccpdp;3093.52;5;4481.48;34;22
../../../testInst/m10Q500s777.tsp.ccpdp;3631.02;6;4345.31;33;22
../../../testInst/m10Q500s888.tsp.ccpdp;3189.82;5;4034.17;40;22
../../../testInst/m10Q500s999.tsp.ccpdp;2776.3;5;4093.34;27;22
../../../testInst/m10Q5s000.tsp.ccpdp;3223.39;6;3801.86;28;22
../../../testInst/m10Q5s111.tsp.ccpdp;3129.82;5;3943.44;23;22
../../../testInst/m10Q5s222.tsp.ccpdp;3368.16;6;3899.52;27;22
../../../testInst/m10Q5s333.tsp.ccpdp;3234.52;6;3989.17;26;22
../../../testInst/m10Q5s444.tsp.ccpdp;3631.9;5;4302.38;23;22
../../../testInst/m10Q5s555.tsp.ccpdp;3066.49;5;4065.18;34;22
../../../testInst/m10Q5s666.tsp.ccpdp;3093.52;6;4481.48;36;22
../../../testInst/m10Q5s777.tsp.ccpdp;3631.02;5;4345.31;32;22
../../../testInst/m10Q5s888.tsp.ccpdp;3189.82;6;4034.17;41;22
../../../testInst/m10Q5s999.tsp.ccpdp;2776.3;5;4093.34;27;22
../../../testInst/m15Q10s000.tsp.ccpdp;3751.9;11;5027.66;83;32
../../../testInst/m15Q10s111.tsp.ccpdp;3845.63;9;4531.93;72;32
../../../testInst/m15Q10s222.tsp.ccpdp;3619.62;9;4392.66;55;32
../../../testInst/m15Q10s333.tsp.ccpdp;3805.27;9;4885.97;57;32
../../../testInst/m15Q10s444.tsp.ccpdp;3323.18;9;4884.39;89;32
../../../testInst/m15Q10s555.tsp.ccpdp;3366.58;9;4713.07;87;32
../../../testInst/m15Q10s666.tsp.ccpdp;3429;9;5059.4;87;32
../../../testInst/m15Q10s777.tsp.ccpdp;3455.96;9;5598.52;74;32
../../../testInst/m15Q10s888.tsp.ccpdp;3652.7;10;4497.12;74;32
../../../testInst/m15Q10s999.tsp.ccpdp;3361.27;9;4639.42;91;32
../../../testInst/m15Q15s000.tsp.ccpdp;3751.9;10;5027.66;83;32
../../../testInst/m15Q15s111.tsp.ccpdp;3845.63;9;4531.93;72;32
../../../testInst/m15Q15s222.tsp.ccpdp;3619.62;10;4392.66;55;32
../../../testInst/m15Q15s333.tsp.ccpdp;3805.27;10;4885.97;58;32
../../../testInst/m15Q15s444.tsp.ccpdp;3323.18;10;4884.39;89;32
../../../testInst/m15Q15s555.tsp.ccpdp;3366.58;10;4713.07;82;32
../../../testInst/m15Q15s666.tsp.ccpdp;3429;10;5059.4;88;32
../../../testInst/m15Q15s777.tsp.ccpdp;3455.96;9;5598.52;79;32
../../../testInst/m15Q15s888.tsp.ccpdp;3652.7;10;4497.12;74;32
../../../testInst/m15Q15s999.tsp.ccpdp;3361.27;9;4639.42;93;32
../../../testInst/m15Q20s000.tsp.ccpdp;3751.9;14;5027.66;85;32
../../../testInst/m15Q20s111.tsp.ccpdp;3845.63;9;4531.93;81;32
../../../testInst/m15Q20s222.tsp.ccpdp;3619.62;10;4392.66;57;32
../../../testInst/m15Q20s333.tsp.ccpdp;3805.27;10;4885.97;58;32
../../../testInst/m15Q20s444.tsp.ccpdp;3323.18;9;4884.39;90;32
../../../testInst/m15Q20s555.tsp.ccpdp;3366.58;11;4713.07;80;32
../../../testInst/m15Q20s666.tsp.ccpdp;3429;9;5059.4;89;32
../../../testInst/m15Q20s777.tsp.ccpdp;3455.96;10;5598.52;76;32
../../../testInst/m15Q20s888.tsp.ccpdp;3652.7;10;4497.12;74;32
../../../testInst/m15Q20s999.tsp.ccpdp;3361.27;9;4639.42;92;32
../../../testInst/m15Q25s000.tsp.ccpdp;3751.9;9;5027.66;82;32
../../../testInst/m15Q25s111.tsp.ccpdp;3845.63;9;4531.93;74;32
../../../testInst/m15Q25s222.tsp.ccpdp;3619.62;9;4392.66;55;32
../../../testInst/m15Q25s333.tsp.ccpdp;3805.27;10;4885.97;66;32
../../../testInst/m15Q25s444.tsp.ccpdp;3323.18;9;4884.39;89;32
../../../testInst/m15Q25s555.tsp.ccpdp;3366.58;9;4713.07;78;32
../../../testInst/m15Q25s666.tsp.ccpdp;3429;9;5059.4;86;32
../../../testInst/m15Q25s777.tsp.ccpdp;3455.96;9;5598.52;75;32
../../../testInst/m15Q25s888.tsp.ccpdp;3652.7;10;4497.12;75;32
../../../testInst/m15Q25s999.tsp.ccpdp;3361.27;9;4639.42;93;32
../../../testInst/m15Q30s000.tsp.ccpdp;3751.9;10;5027.66;82;32
../../../testInst/m15Q30s111.tsp.ccpdp;3845.63;9;4531.93;72;32
../../../testInst/m15Q30s222.tsp.ccpdp;3619.62;9;4392.66;55;32
../../../testInst/m15Q30s333.tsp.ccpdp;3805.27;9;4885.97;57;32
../../../testInst/m15Q30s444.tsp.ccpdp;3323.18;9;4884.39;88;32
../../../testInst/m15Q30s555.tsp.ccpdp;3366.58;9;4713.07;77;32
../../../testInst/m15Q30s666.tsp.ccpdp;3429;10;5059.4;87;32
../../../testInst/m15Q30s777.tsp.ccpdp;3455.96;9;5598.52;75;32
../../../testInst/m15Q30s888.tsp.ccpdp;3652.7;9;4497.12;73;32
../../../testInst/m15Q30s999.tsp.ccpdp;3361.27;9;4639.42;92;32
../../../testInst/m15Q500s000.tsp.ccpdp;3751.9;9;5027.66;82;32
../../../testInst/m15Q500s111.tsp.ccpdp;3845.63;9;4531.93;72;32
../../../testInst/m15Q500s222.tsp.ccpdp;3619.62;9;4392.66;55;32
../../../testInst/m15Q500s333.tsp.ccpdp;3805.27;9;4885.97;57;32
../../../testInst/m15Q500s444.tsp.ccpdp;3323.18;9;4884.39;88;32
../../../testInst/m15Q500s555.tsp.ccpdp;3366.58;9;4713.07;77;32
../../../testInst/m15Q500s666.tsp.ccpdp;3429;9;5059.4;85;32
../../../testInst/m15Q500s777.tsp.ccpdp;3455.96;9;5598.52;76;32
../../../testInst/m15Q500s888.tsp.ccpdp;3652.7;10;4497.12;74;32
../../../testInst/m15Q500s999.tsp.ccpdp;3361.27;9;4639.42;92;32
../../../testInst/m15Q5s000.tsp.ccpdp;3751.9;9;5027.66;82;32
../../../testInst/m15Q5s111.tsp.ccpdp;3845.63;9;4531.93;72;32
../../../testInst/m15Q5s222.tsp.ccpdp;3619.62;9;4392.66;55;32
../../../testInst/m15Q5s333.tsp.ccpdp;3805.27;9;4885.97;56;32
../../../testInst/m15Q5s444.tsp.ccpdp;3323.18;9;4884.39;88;32
../../../testInst/m15Q5s555.tsp.ccpdp;3366.58;9;4713.07;78;32
../../../testInst/m15Q5s666.tsp.ccpdp;3429;9;5059.4;87;32
../../../testInst/m15Q5s777.tsp.ccpdp;3455.96;9;5598.52;81;32
../../../testInst/m15Q5s888.tsp.ccpdp;3652.7;9;4497.12;74;32
../../../testInst/m15Q5s999.tsp.ccpdp;3361.27;9;4639.42;92;32
../../../testInst/m5Q10s000.tsp.ccpdp;2560.75;3;3359.14;4;12
../../../testInst/m5Q10s111.tsp.ccpdp;2373.29;3;2928.64;4;12
../../../testInst/m5Q10s222.tsp.ccpdp;1637.83;3;2909.4;4;12
../../../testInst/m5Q10s333.tsp.ccpdp;2982.57;3;3451.62;7;12
../../../testInst/m5Q10s444.tsp.ccpdp;1771.58;2;2748.33;5;12
../../../testInst/m5Q10s555.tsp.ccpdp;1911.49;3;2850.81;6;12
../../../testInst/m5Q10s666.tsp.ccpdp;2368.97;3;3702.85;5;12
../../../testInst/m5Q10s777.tsp.ccpdp;3172.79;2;3396.92;3;12
../../../testInst/m5Q10s888.tsp.ccpdp;2000.49;3;2987.25;5;12
../../../testInst/m5Q10s999.tsp.ccpdp;2459.56;3;3045.85;5;12
../../../testInst/m5Q15s000.tsp.ccpdp;2560.75;3;3359.14;5;12
../../../testInst/m5Q15s111.tsp.ccpdp;2373.29;3;2928.64;4;12
../../../testInst/m5Q15s222.tsp.ccpdp;1637.83;3;2909.4;4;12
../../../testInst/m5Q15s333.tsp.ccpdp;2982.57;3;3451.62;6;12
../../../testInst/m5Q15s444.tsp.ccpdp;1771.58;3;2748.33;5;12
../../../testInst/m5Q15s555.tsp.ccpdp;1911.49;3;2850.81;6;12
../../../testInst/m5Q15s666.tsp.ccpdp;2368.97;2;3702.85;5;12
../../../testInst/m5Q15s777.tsp.ccpdp;3172.79;3;3396.92;3;12
../../../testInst/m5Q15s888.tsp.ccpdp;2000.49;3;2987.25;5;12
../../../testInst/m5Q15s999.tsp.ccpdp;2459.56;3;3045.85;5;12
../../../testInst/m5Q20s000.tsp.ccpdp;2560.75;2;3359.14;5;12
../../../testInst/m5Q20s111.tsp.ccpdp;2373.29;2;2928.64;4;12
../../../testInst/m5Q20s222.tsp.ccpdp;1637.83;3;2909.4;4;12
../../../testInst/m5Q20s333.tsp.ccpdp;2982.57;3;3451.62;6;12
../../../testInst/m5Q20s444.tsp.ccpdp;1771.58;3;2748.33;5;12
../../../testInst/m5Q20s555.tsp.ccpdp;1911.49;3;2850.81;6;12
../../../testInst/m5Q20s666.tsp.ccpdp;2368.97;2;3702.85;5;12
../../../testInst/m5Q20s777.tsp.ccpdp;3172.79;3;3396.92;3;12
../../../testInst/m5Q20s888.tsp.ccpdp;2000.49;3;2987.25;5;12
../../../testInst/m5Q20s999.tsp.ccpdp;2459.56;2;3045.85;5;12
../../../testInst/m5Q25s000.tsp.ccpdp;2560.75;3;3359.14;5;12
../../../testInst/m5Q25s111.tsp.ccpdp;2373.29;3;2928.64;4;12
../../../testInst/m5Q25s222.tsp.ccpdp;1637.83;3;2909.4;4;12
../../../testInst/m5Q25s333.tsp.ccpdp;2982.57;2;3451.62;6;12
../../../testInst/m5Q25s444.tsp.ccpdp;1771.58;3;2748.33;5;12
../../../testInst/m5Q25s555.tsp.ccpdp;1911.49;3;2850.81;7;12
../../../testInst/m5Q25s666.tsp.ccpdp;2368.97;2;3702.85;5;12
../../../testInst/m5Q25s777.tsp.ccpdp;3172.79;3;3396.92;3;12
../../../testInst/m5Q25s888.tsp.ccpdp;2000.49;3;2987.25;5;12
../../../testInst/m5Q25s999.tsp.ccpdp;2459.56;3;3045.85;5;12
../../../testInst/m5Q30s000.tsp.ccpdp;2560.75;2;3359.14;5;12
../../../testInst/m5Q30s111.tsp.ccpdp;2373.29;3;2928.64;4;12
../../../testInst/m5Q30s222.tsp.ccpdp;1637.83;3;2909.4;4;12
../../../testInst/m5Q30s333.tsp.ccpdp;2982.57;2;3451.62;7;12
../../../testInst/m5Q30s444.tsp.ccpdp;1771.58;2;2748.33;5;12
../../../testInst/m5Q30s555.tsp.ccpdp;1911.49;3;2850.81;7;12
../../../testInst/m5Q30s666.tsp.ccpdp;2368.97;3;3702.85;5;12
../../../testInst/m5Q30s777.tsp.ccpdp;3172.79;3;3396.92;4;12
../../../testInst/m5Q30s888.tsp.ccpdp;2000.49;3;2987.25;5;12
../../../testInst/m5Q30s999.tsp.ccpdp;2459.56;3;3045.85;5;12
../../../testInst/m5Q500s000.tsp.ccpdp;2560.75;3;3359.14;5;12
../../../testInst/m5Q500s111.tsp.ccpdp;2373.29;3;2928.64;4;12
../../../testInst/m5Q500s222.tsp.ccpdp;1637.83;3;2909.4;4;12
../../../testInst/m5Q500s333.tsp.ccpdp;2982.57;2;3451.62;6;12
../../../testInst/m5Q500s444.tsp.ccpdp;1771.58;3;2748.33;5;12
../../../testInst/m5Q500s555.tsp.ccpdp;1911.49;3;2850.81;6;12
../../../testInst/m5Q500s666.tsp.ccpdp;2368.97;3;3702.85;5;12
../../../testInst/m5Q500s777.tsp.ccpdp;3172.79;3;3396.92;3;12
../../../testInst/m5Q500s888.tsp.ccpdp;2000.49;2;2987.25;5;12
../../../testInst/m5Q500s999.tsp.ccpdp;2459.56;2;3045.85;5;12
../../../testInst/m5Q5s000.tsp.ccpdp;2560.75;3;3359.14;5;12
../../../testInst/m5Q5s111.tsp.ccpdp;2373.29;2;2928.64;4;12
../../../testInst/m5Q5s222.tsp.ccpdp;1637.83;2;2909.4;4;12
../../../testInst/m5Q5s333.tsp.ccpdp;2982.57;3;3451.62;6;12
../../../testInst/m5Q5s444.tsp.ccpdp;1771.58;3;2748.33;5;12
../../../testInst/m5Q5s555.tsp.ccpdp;1911.49;3;2850.81;7;12
../../../testInst/m5Q5s666.tsp.ccpdp;2368.97;3;3702.85;5;12
../../../testInst/m5Q5s777.tsp.ccpdp;3172.79;2;3396.92;3;12
../../../testInst/m5Q5s888.tsp.ccpdp;2000.49;3;2987.25;5;12
../../../testInst/m5Q5s999.tsp.ccpdp;2459.56;3;3045.85;5;12
../../../testInst/rg-016-q-1x1.0001.ccpdp;373406;10;504756;79;32
../../../testInst/rg-016-q-1x1.0002.ccpdp;354817;9;476486;45;32
../../../testInst/rg-016-q-1x1.0003.ccpdp;339151;9;478375;38;32
../../../testInst/rg-016-q-2x2-W0.1.0001.ccpdp;267585;9;361332;38;32
../../../testInst/rg-016-q-2x2-W0.1.0002.ccpdp;297380;9;375010;54;32
../../../testInst/rg-016-q-2x2-W0.1.0003.ccpdp;300576;9;378039;38;32
../../../testInst/rg-016-q-2x2-W0.2.0001.ccpdp;237855;10;331495;39;32
../../../testInst/rg-016-q-2x2-W0.2.0002.ccpdp;264544;9;333341;33;32
../../../testInst/rg-016-q-2x2-W0.2.0003.ccpdp;267181;10;336034;28;32
../../../testInst/rg-016-q-2x2-W0.3.0001.ccpdp;208116;9;302090;36;32
../../../testInst/rg-016-q-2x2-W0.3.0002.ccpdp;231474;9;291673;29;32
../../../testInst/rg-016-q-2x2-W0.3.0003.ccpdp;233782;9;294031;26;32
../../../testInst/rg-016-q-2x2-W0.4.0001.ccpdp;178395;10;259178;20;32
../../../testInst/rg-016-q-2x2-W0.4.0002.ccpdp;198411;10;250007;29;32
../../../testInst/rg-016-q-2x2-W0.4.0003.ccpdp;200383;10;252025;26;32
../../../testInst/rg-016-q-2x2.0001.ccpdp;297320;10;392014;36;32
../../../testInst/rg-016-q-2x2.0002.ccpdp;317930;9;481669;68;32
../../../testInst/rg-016-q-2x2.0003.ccpdp;327955;9;420046;43;32
../../../testInst/rg-016-q-3x3-W0.1.0001.ccpdp;335803;10;392745;56;32
../../../testInst/rg-016-q-3x3-W0.1.0002.ccpdp;306461;9;350627;24;32
../../../testInst/rg-016-q-3x3-W0.1.0003.ccpdp;345852;10;408624;49;32
../../../testInst/rg-016-q-3x3-W0.2.0001.ccpdp;310431;9;365070;40;32
../../../testInst/rg-016-q-3x3-W0.2.0002.ccpdp;279442;9;325269;24;32
../../../testInst/rg-016-q-3x3-W0.2.0003.ccpdp;307420;9;369403;20;32
../../../testInst/rg-016-q-3x3-W0.3.0001.ccpdp;285305;9;320416;20;32
../../../testInst/rg-016-q-3x3-W0.3.0002.ccpdp;244514;9;290686;16;32
../../../testInst/rg-016-q-3x3-W0.3.0003.ccpdp;268992;9;325226;15;32
../../../testInst/rg-016-q-3x3-W0.4.0001.ccpdp;244550;10;274644;14;32
../../../testInst/rg-016-q-3x3-W0.4.0002.ccpdp;209580;9;249156;15;32
../../../testInst/rg-016-q-3x3-W0.4.0003.ccpdp;230567;9;278769;15;32
../../../testInst/rg-016-q-3x3.0001.ccpdp;358020;9;484977;82;32
../../../testInst/rg-016-q-3x3.0002.ccpdp;319616;9;369017;24;32
../../../testInst/rg-016-q-3x3.0003.ccpdp;358712;9;498776;47;32
../../../testInst/rg-016-q-4x4-W0.1.0001.ccpdp;266747;9;312585;19;32
../../../testInst/rg-016-q-4x4-W0.1.0002.ccpdp;214615;9;232795;16;32
../../../testInst/rg-016-q-4x4-W0.1.0003.ccpdp;279340;9;313225;37;32
../../../testInst/rg-016-q-4x4-W0.2.0001.ccpdp;249549;9;281787;19;32
../../../testInst/rg-016-q-4x4-W0.2.0002.ccpdp;190767;9;206926;16;32
../../../testInst/rg-016-q-4x4-W0.2.0003.ccpdp;263645;10;287131;28;32
../../../testInst/rg-016-q-4x4-W0.3.0001.ccpdp;218353;12;246561;15;32
../../../testInst/rg-016-q-4x4-W0.3.0002.ccpdp;166922;10;181063;16;32
../../../testInst/rg-016-q-4x4-W0.3.0003.ccpdp;241255;9;261533;15;32
../../../testInst/rg-016-q-4x4-W0.4.0001.ccpdp;187164;9;211340;15;32
../../../testInst/rg-016-q-4x4-W0.4.0002.ccpdp;143075;9;155197;16;32
../../../testInst/rg-016-q-4x4-W0.4.0003.ccpdp;206783;9;226814;10;32
../../../testInst/rg-016-q-4x4.0001.ccpdp;279071;9;339730;50;32
../../../testInst/rg-016-q-4x4.0002.ccpdp;238460;9;258660;16;32
../../../testInst/rg-016-q-4x4.0003.ccpdp;287989;10;336233;47;32
../../../testInst/rg-016-q-5x5-W0.1.0001.ccpdp;246049;9;267849;13;32
../../../testInst/rg-016-q-5x5-W0.1.0002.ccpdp;242779;9;257835;14;32
../../../testInst/rg-016-q-5x5-W0.1.0003.ccpdp;249551;10;275783;11;32
../../../testInst/rg-016-q-5x5-W0.2.0001.ccpdp;218709;9;238088;14;32
../../../testInst/rg-016-q-5x5-W0.2.0002.ccpdp;223329;9;233550;15;32
../../../testInst/rg-016-q-5x5-W0.2.0003.ccpdp;221819;10;245137;11;32
../../../testInst/rg-016-q-5x5-W0.3.0001.ccpdp;191371;10;208325;14;32
../../../testInst/rg-016-q-5x5-W0.3.0002.ccpdp;195706;10;205040;14;32
../../../testInst/rg-016-q-5x5-W0.3.0003.ccpdp;194093;9;214497;11;32
../../../testInst/rg-016-q-5x5-W0.4.0001.ccpdp;164034;9;178566;14;32
../../../testInst/rg-016-q-5x5-W0.4.0002.ccpdp;167745;10;175744;14;32
../../../testInst/rg-016-q-5x5-W0.4.0003.ccpdp;166362;9;183849;11;32
../../../testInst/rg-016-q-5x5.0001.ccpdp;267048;9;297607;21;32
../../../testInst/rg-016-q-5x5.0002.ccpdp;261186;9;282200;14;32
../../../testInst/rg-016-q-5x5.0003.ccpdp;277276;9;302725;13;32
../../../testInst/rg-032-q-1x1.0001.ccpdp;505000;32;752784;855;64
../../../testInst/rg-032-q-1x1.0002.ccpdp;521405;33;741945;519;64
../../../testInst/rg-032-q-1x1.0003.ccpdp;535993;32;690588;843;64
../../../testInst/rg-032-q-2x2-W0.1.0001.ccpdp;370316;32;598365;752;64
../../../testInst/rg-032-q-2x2-W0.1.0002.ccpdp;499705;32;592596;635;64
../../../testInst/rg-032-q-2x2-W0.1.0003.ccpdp;421624;32;524743;332;64
../../../testInst/rg-032-q-2x2-W0.2.0001.ccpdp;339325;31;526395;900;64
../../../testInst/rg-032-q-2x2-W0.2.0002.ccpdp;449301;32;566846;598;64
../../../testInst/rg-032-q-2x2-W0.2.0003.ccpdp;383259;33;477333;311;64
../../../testInst/rg-032-q-2x2-W0.3.0001.ccpdp;308923;31;463829;653;64
../../../testInst/rg-032-q-2x2-W0.3.0002.ccpdp;393138;31;495989;278;64
../../../testInst/rg-032-q-2x2-W0.3.0003.ccpdp;337814;32;418706;134;64
../../../testInst/rg-032-q-2x2-W0.4.0001.ccpdp;269567;32;397572;328;64
../../../testInst/rg-032-q-2x2-W0.4.0002.ccpdp;336978;31;425135;266;64
../../../testInst/rg-032-q-2x2-W0.4.0003.ccpdp;289564;31;358896;124;64
../../../testInst/rg-032-q-2x2.0001.ccpdp;399156;31;710358;551;64
../../../testInst/rg-032-q-2x2.0002.ccpdp;520855;32;754814;874;64
../../../testInst/rg-032-q-2x2.0003.ccpdp;441386;32;571042;445;64
../../../testInst/rg-032-q-3x3-W0.1.0001.ccpdp;461599;32;558378;525;64
../../../testInst/rg-032-q-3x3-W0.1.0002.ccpdp;464098;31;647530;479;64
../../../testInst/rg-032-q-3x3-W0.1.0003.ccpdp;488665;32;736923;473;64
../../../testInst/rg-032-q-3x3-W0.2.0001.ccpdp;410312;31;499806;330;64
../../../testInst/rg-032-q-3x3-W0.2.0002.ccpdp;447507;31;629851;404;64
../../../testInst/rg-032-q-3x3-W0.2.0003.ccpdp;468234;32;567878;498;64
../../../testInst/rg-032-q-3x3-W0.3.0001.ccpdp;359021;32;437326;113;64
../../../testInst/rg-032-q-3x3-W0.3.0002.ccpdp;408889;31;462262;213;64
../../../testInst/rg-032-q-3x3-W0.3.0003.ccpdp;418007;31;499391;155;64
../../../testInst/rg-032-q-3x3-W0.4.0001.ccpdp;307734;31;374857;104;64
../../../testInst/rg-032-q-3x3-W0.4.0002.ccpdp;350484;32;396226;143;64
../../../testInst/rg-032-q-3x3-W0.4.0003.ccpdp;358287;31;428050;110;64
../../../testInst/rg-032-q-3x3.0001.ccpdp;499977;32;690380;443;64
../../../testInst/rg-032-q-3x3.0002.ccpdp;477968;32;602715;688;64
../../../testInst/rg-032-q-3x3.0003.ccpdp;499609;31;759094;604;64
../../../testInst/rg-032-q-4x4-W0.1.0001.ccpdp;472672;32;552342;284;64
../../../testInst/rg-032-q-4x4-W0.1.0002.ccpdp;362972;31;415594;115;64
../../../testInst/rg-032-q-4x4-W0.1.0003.ccpdp;385464;32;467382;322;64
../../../testInst/rg-032-q-4x4-W0.2.0001.ccpdp;441094;31;501222;97;64
../../../testInst/rg-032-q-4x4-W0.2.0002.ccpdp;322636;32;369413;103;64
../../../testInst/rg-032-q-4x4-W0.2.0003.ccpdp;365605;31;432943;377;64
../../../testInst/rg-032-q-4x4-W0.3.0001.ccpdp;389162;32;444435;73;64
../../../testInst/rg-032-q-4x4-W0.3.0002.ccpdp;282311;32;323236;72;64
../../../testInst/rg-032-q-4x4-W0.3.0003.ccpdp;329418;32;390491;200;64
../../../testInst/rg-032-q-4x4-W0.4.0001.ccpdp;333568;31;380948;72;64
../../../testInst/rg-032-q-4x4-W0.4.0002.ccpdp;241971;30;277061;71;64
../../../testInst/rg-032-q-4x4-W0.4.0003.ccpdp;282345;32;334831;57;64
../../../testInst/rg-032-q-4x4.0001.ccpdp;496886;31;616389;502;64
../../../testInst/rg-032-q-4x4.0002.ccpdp;403296;32;461734;195;64
../../../testInst/rg-032-q-4x4.0003.ccpdp;381964;31;484409;476;64
../../../testInst/rg-032-q-5x5-W0.1.0001.ccpdp;341504;32;403222;105;64
../../../testInst/rg-032-q-5x5-W0.1.0002.ccpdp;422468;32;489405;741;64
../../../testInst/rg-032-q-5x5-W0.1.0003.ccpdp;393998;32;471518;131;64
../../../testInst/rg-032-q-5x5-W0.2.0001.ccpdp;312208;33;362872;94;64
../../../testInst/rg-032-q-5x5-W0.2.0002.ccpdp;398335;31;443362;140;64
../../../testInst/rg-032-q-5x5-W0.2.0003.ccpdp;352303;32;419128;77;64
../../../testInst/rg-032-q-5x5-W0.3.0001.ccpdp;278460;31;318780;74;64
../../../testInst/rg-032-q-5x5-W0.3.0002.ccpdp;359782;31;395571;83;64
../../../testInst/rg-032-q-5x5-W0.3.0003.ccpdp;308259;32;366735;66;64
../../../testInst/rg-032-q-5x5-W0.4.0001.ccpdp;238676;31;273235;69;64
../../../testInst/rg-032-q-5x5-W0.4.0002.ccpdp;309991;32;339050;54;64
../../../testInst/rg-032-q-5x5-W0.4.0003.ccpdp;264228;32;314343;66;64
../../../testInst/rg-032-q-5x5.0001.ccpdp;364554;32;435409;132;64
../../../testInst/rg-032-q-5x5.0002.ccpdp;434964;32;520473;1228;64
../../../testInst/rg-032-q-5x5.0003.ccpdp;425291;32;517219;445;64
../../../testInst/rg-064-q-1x1.0001.ccpdp;688311;118;1.11087e+06;19725;128
../../../testInst/rg-064-q-1x1.0002.ccpdp;687858;122;1.01678e+06;9537;128
../../../testInst/rg-064-q-1x1.0003.ccpdp;669163;119;975832;7978;128
../../../testInst/rg-064-q-2x2-W0.1.0001.ccpdp;630664;118;982643;11042;128
../../../testInst/rg-064-q-2x2-W0.1.0002.ccpdp;575120;119;1.02962e+06;6497;128
../../../testInst/rg-064-q-2x2-W0.1.0003.ccpdp;584155;119;873441;8920;128
../../../testInst/rg-064-q-2x2-W0.2.0001.ccpdp;560603;122;960512;5259;128
../../../testInst/rg-064-q-2x2-W0.2.0002.ccpdp;531069;119;797610;10780;128
../../../testInst/rg-064-q-2x2-W0.2.0003.ccpdp;535691;119;725248;3775;128
../../../testInst/rg-064-q-2x2-W0.3.0001.ccpdp;490525;118;731784;4354;128
../../../testInst/rg-064-q-2x2-W0.3.0002.ccpdp;472796;120;697894;2802;128
../../../testInst/rg-064-q-2x2-W0.3.0003.ccpdp;481073;120;643451;3215;128
../../../testInst/rg-064-q-2x2-W0.4.0001.ccpdp;420447;120;627245;3693;128
../../../testInst/rg-064-q-2x2-W0.4.0002.ccpdp;405256;121;598207;3756;128
../../../testInst/rg-064-q-2x2-W0.4.0003.ccpdp;413367;119;551530;1755;128
../../../testInst/rg-064-q-2x2.0001.ccpdp;697265;120;1.10487e+06;8395;128
../../../testInst/rg-064-q-2x2.0002.ccpdp;610449;116;1.1116e+06;15114;128
../../../testInst/rg-064-q-2x2.0003.ccpdp;634078;119;921785;3589;128
../../../testInst/rg-064-q-3x3-W0.1.0001.ccpdp;670152;119;892776;6612;128
../../../testInst/rg-064-q-3x3-W0.1.0002.ccpdp;654958;119;945786;5606;128
../../../testInst/rg-064-q-3x3-W0.1.0003.ccpdp;664208;123;946797;9991;128
../../../testInst/rg-064-q-3x3-W0.2.0001.ccpdp;619299;119;1.03427e+06;6420;128
../../../testInst/rg-064-q-3x3-W0.2.0002.ccpdp;607290;119;916482;7613;128
../../../testInst/rg-064-q-3x3-W0.2.0003.ccpdp;615514;121;843687;7964;128
../../../testInst/rg-064-q-3x3-W0.3.0001.ccpdp;541889;120;680896;1182;128
../../../testInst/rg-064-q-3x3-W0.3.0002.ccpdp;541978;120;705252;2750;128
../../../testInst/rg-064-q-3x3-W0.3.0003.ccpdp;548578;119;703695;3236;128
../../../testInst/rg-064-q-3x3-W0.4.0001.ccpdp;464488;120;583622;921;128
../../../testInst/rg-064-q-3x3-W0.4.0002.ccpdp;465520;120;604509;832;128
../../../testInst/rg-064-q-3x3-W0.4.0003.ccpdp;470201;118;603171;1197;128
../../../testInst/rg-064-q-3x3.0001.ccpdp;695981;119;1.03811e+06;9532;128
../../../testInst/rg-064-q-3x3.0002.ccpdp;676594;129;984950;7859;128
../../../testInst/rg-064-q-3x3.0003.ccpdp;688955;118;1.11813e+06;7959;128
../../../testInst/rg-064-q-4x4-W0.1.0001.ccpdp;628370;118;825607;2248;128
../../../testInst/rg-064-q-4x4-W0.1.0002.ccpdp;636020;120;821759;3903;128
../../../testInst/rg-064-q-4x4-W0.1.0003.ccpdp;644512;122;996898;8936;128
../../../testInst/rg-064-q-4x4-W0.2.0001.ccpdp;585803;120;733844;4492;128
../../../testInst/rg-064-q-4x4-W0.2.0002.ccpdp;602425;118;714100;2181;128
../../../testInst/rg-064-q-4x4-W0.2.0003.ccpdp;603714;119;895212;5294;128
../../../testInst/rg-064-q-4x4-W0.3.0001.ccpdp;514050;119;648287;914;128
../../../testInst/rg-064-q-4x4-W0.3.0002.ccpdp;547895;120;616562;1143;128
../../../testInst/rg-064-q-4x4-W0.3.0003.ccpdp;552188;118;691493;1865;128
../../../testInst/rg-064-q-4x4-W0.4.0001.ccpdp;440621;120;555677;450;128
../../../testInst/rg-064-q-4x4-W0.4.0002.ccpdp;471921;122;531824;464;128
../../../testInst/rg-064-q-4x4-W0.4.0003.ccpdp;481952;121;597082;555;128
../../../testInst/rg-064-q-4x4.0001.ccpdp;654761;121;899314;15319;128
../../../testInst/rg-064-q-4x4.0002.ccpdp;659266;119;802511;3668;128
../../../testInst/rg-064-q-4x4.0003.ccpdp;665891;119;851087;6740;128
../../../testInst/rg-064-q-5x5-W0.1.0001.ccpdp;586750;119;698705;3823;128
../../../testInst/rg-064-q-5x5-W0.1.0002.ccpdp;624988;117;751046;10004;128
../../../testInst/rg-064-q-5x5-W0.1.0003.ccpdp;623239;118;854030;8031;128
../../../testInst/rg-064-q-5x5-W0.2.0001.ccpdp;543223;120;641723;1540;128
../../../testInst/rg-064-q-5x5-W0.2.0002.ccpdp;585262;119;693841;3598;128
../../../testInst/rg-064-q-5x5-W0.2.0003.ccpdp;581465;118;699151;2861;128
../../../testInst/rg-064-q-5x5-W0.3.0001.ccpdp;482895;119;576374;726;128
../../../testInst/rg-064-q-5x5-W0.3.0002.ccpdp;522412;120;613850;705;128
../../../testInst/rg-064-q-5x5-W0.3.0003.ccpdp;529658;119;632776;1020;128
../../../testInst/rg-064-q-5x5-W0.4.0001.ccpdp;414409;125;495026;327;128
../../../testInst/rg-064-q-5x5-W0.4.0002.ccpdp;455203;117;526148;452;128
../../../testInst/rg-064-q-5x5-W0.4.0003.ccpdp;460093;119;542383;368;128
../../../testInst/rg-064-q-5x5.0001.ccpdp;604651;119;817223;7311;128
../../../testInst/rg-064-q-5x5.0002.ccpdp;654861;119;793676;17256;128
../../../testInst/rg-064-q-5x5.0003.ccpdp;650528;119;963984;7488;128
../../../testInst/rg-128-q-1x1.0001.ccpdp;1.03332e+06;461;1.55476e+06;114857;256
../../../testInst/rg-128-q-1x1.0002.ccpdp;974160;470;1.39574e+06;206447;256
../../../testInst/rg-128-q-1x1.0003.ccpdp;963143;455;1.38712e+06;116029;256
../../../testInst/rg-128-q-2x2-W0.1.0001.ccpdp;921219;448;1.41005e+06;100175;256
../../../testInst/rg-128-q-2x2-W0.1.0002.ccpdp;857347;459;1.24939e+06;187628;256
../../../testInst/rg-128-q-2x2-W0.1.0003.ccpdp;880426;456;1.14549e+06;146670;256
../../../testInst/rg-128-q-2x2-W0.2.0001.ccpdp;818870;456;1.22705e+06;31591;256
../../../testInst/rg-128-q-2x2-W0.2.0002.ccpdp;762082;453;1.27574e+06;95420;256
../../../testInst/rg-128-q-2x2-W0.2.0003.ccpdp;783398;453;1.1578e+06;63349;256
../../../testInst/rg-128-q-2x2-W0.3.0001.ccpdp;716502;450;1.07367e+06;21134;256
../../../testInst/rg-128-q-2x2-W0.3.0002.ccpdp;666821;448;1.00602e+06;28019;256
../../../testInst/rg-128-q-2x2-W0.3.0003.ccpdp;685455;447;981454;53368;256
../../../testInst/rg-128-q-2x2-W0.4.0001.ccpdp;614151;445;920286;21075;256
../../../testInst/rg-128-q-2x2-W0.4.0002.ccpdp;571551;443;844012;26260;256
../../../testInst/rg-128-q-2x2-W0.4.0003.ccpdp;587550;450;841244;40155;256
../../../testInst/rg-128-q-2x2.0001.ccpdp;1.01803e+06;447;1.50685e+06;140114;256
../../../testInst/rg-128-q-2x2.0002.ccpdp;940728;447;1.40157e+06;195885;256
../../../testInst/rg-128-q-2x2.0003.ccpdp;962820;447;1.31858e+06;71706;256
../../../testInst/rg-128-q-3x3-W0.1.0001.ccpdp;939116;454;1.44956e+06;104635;256
../../../testInst/rg-128-q-3x3-W0.1.0002.ccpdp;910378;455;1.37359e+06;189897;256
../../../testInst/rg-128-q-3x3-W0.1.0003.ccpdp;933988;452;1.45536e+06;121725;256
../../../testInst/rg-128-q-3x3-W0.2.0001.ccpdp;847290;453;1.12328e+06;139295;256
../../../testInst/rg-128-q-3x3-W0.2.0002.ccpdp;844860;447;1.25807e+06;42877;256
../../../testInst/rg-128-q-3x3-W0.2.0003.ccpdp;851368;449;1.27492e+06;96991;256
../../../testInst/rg-128-q-3x3-W0.3.0001.ccpdp;742096;453;1.28659e+06;45678;256
../../../testInst/rg-128-q-3x3-W0.3.0002.ccpdp;749858;452;1.00792e+06;23253;256
../../../testInst/rg-128-q-3x3-W0.3.0003.ccpdp;753092;449;1.08083e+06;19939;256
../../../testInst/rg-128-q-3x3-W0.4.0001.ccpdp;636084;444;909340;13483;256
../../../testInst/rg-128-q-3x3-W0.4.0002.ccpdp;642738;450;863943;10612;256
../../../testInst/rg-128-q-3x3-W0.4.0003.ccpdp;651092;445;879027;9816;256
../../../testInst/rg-128-q-3x3.0001.ccpdp;990733;446;1.52471e+06;121149;256
../../../testInst/rg-128-q-3x3.0002.ccpdp;951080;444;1.39386e+06;194483;256
../../../testInst/rg-128-q-3x3.0003.ccpdp;982025;449;1.45959e+06;97113;256
../../../testInst/rg-128-q-4x4-W0.1.0001.ccpdp;921360;456;1.23848e+06;175823;256
../../../testInst/rg-128-q-4x4-W0.1.0002.ccpdp;909205;456;1.35681e+06;177531;256
../../../testInst/rg-128-q-4x4-W0.1.0003.ccpdp;875606;447;1.54019e+06;232204;256
../../../testInst/rg-128-q-4x4-W0.2.0001.ccpdp;853378;448;1.20899e+06;111401;256
../../../testInst/rg-128-q-4x4-W0.2.0002.ccpdp;822393;450;1.22986e+06;92203;256
../../../testInst/rg-128-q-4x4-W0.2.0003.ccpdp;818923;454;1.2873e+06;223691;256
../../../testInst/rg-128-q-4x4-W0.3.0001.ccpdp;766002;454;962745;16385;256
../../../testInst/rg-128-q-4x4-W0.3.0002.ccpdp;722921;457;968602;11051;256
../../../testInst/rg-128-q-4x4-W0.3.0003.ccpdp;739912;446;1.00868e+06;22808;256
../../../testInst/rg-128-q-4x4-W0.4.0001.ccpdp;659891;445;825563;6308;256
../../../testInst/rg-128-q-4x4-W0.4.0002.ccpdp;619643;447;830228;4644;256
../../../testInst/rg-128-q-4x4-W0.4.0003.ccpdp;637107;443;819810;7815;256
../../../testInst/rg-128-q-4x4.0001.ccpdp;971976;448;1.37483e+06;304232;256
../../../testInst/rg-128-q-4x4.0002.ccpdp;965988;447;1.40245e+06;130863;256
../../../testInst/rg-128-q-4x4.0003.ccpdp;914790;450;1.35275e+06;144421;256
../../../testInst/rg-128-q-5x5-W0.1.0001.ccpdp;912143;449;1.34549e+06;99441;256
../../../testInst/rg-128-q-5x5-W0.1.0002.ccpdp;893950;446;1.30799e+06;117759;256
../../../testInst/rg-128-q-5x5-W0.1.0003.ccpdp;977217;454;1.42482e+06;93676;256
../../../testInst/rg-128-q-5x5-W0.2.0001.ccpdp;850765;451;1.2031e+06;76940;256
../../../testInst/rg-128-q-5x5-W0.2.0002.ccpdp;831575;445;1.19253e+06;97795;256
../../../testInst/rg-128-q-5x5-W0.2.0003.ccpdp;883545;453;1.09026e+06;78554;256
../../../testInst/rg-128-q-5x5-W0.3.0001.ccpdp;759532;452;965215;12655;256
../../../testInst/rg-128-q-5x5-W0.3.0002.ccpdp;740462;460;938231;10125;256
../../../testInst/rg-128-q-5x5-W0.3.0003.ccpdp;780483;441;966252;7891;256
../../../testInst/rg-128-q-5x5-W0.4.0001.ccpdp;652105;455;827627;4589;256
../../../testInst/rg-128-q-5x5-W0.4.0002.ccpdp;635142;440;809734;3536;256
../../../testInst/rg-128-q-5x5-W0.4.0003.ccpdp;671012;447;832471;4210;256
../../../testInst/rg-128-q-5x5.0001.ccpdp;952023;450;1.47203e+06;102544;256
../../../testInst/rg-128-q-5x5.0002.ccpdp;923201;451;1.39253e+06;98933;256
../../../testInst/rg-128-q-5x5.0003.ccpdp;1.02938e+06;449;1.28715e+06;281960;256
../../../testInst/rg-256-q-1x1.0001.ccpdp;1.38396e+06;1813;1.99121e+06;2299250;512
../../../testInst/rg-256-q-1x1.0002.ccpdp;1.37902e+06;1834;2.00827e+06;3235420;512
../../../testInst/rg-256-q-1x1.0003.ccpdp;1.33641e+06;1809;2.08101e+06;4794461;512
../../../testInst/rg-256-q-2x2-W0.1.0001.ccpdp;1.28772e+06;1815;2.05509e+06;912110;512
../../../testInst/rg-256-q-2x2-W0.1.0002.ccpdp;1.24962e+06;1818;1.89685e+06;1332566;512
../../../testInst/rg-256-q-2x2-W0.1.0003.ccpdp;1.19084e+06;1834;1.81545e+06;1442164;512
../../../testInst/rg-256-q-2x2-W0.2.0001.ccpdp;1.14466e+06;1823;1.76347e+06;378941;512
../../../testInst/rg-256-q-2x2-W0.2.0002.ccpdp;1.11079e+06;1824;1.58574e+06;332190;512
../../../testInst/rg-256-q-2x2-W0.2.0003.ccpdp;1.06178e+06;1819;1.54807e+06;541251;512
../../../testInst/rg-256-q-2x2-W0.3.0001.ccpdp;1.00158e+06;1817;1.54303e+06;379098;512
../../../testInst/rg-256-q-2x2-W0.3.0002.ccpdp;971937;1792;1.38752e+06;405257;512
../../../testInst/rg-256-q-2x2-W0.3.0003.ccpdp;929053;1810;1.35456e+06;341514;512
../../../testInst/rg-256-q-2x2-W0.4.0001.ccpdp;858473;1802;1.32259e+06;379234;512
../../../testInst/rg-256-q-2x2-W0.4.0002.ccpdp;833088;1812;1.1893e+06;401148;512
../../../testInst/rg-256-q-2x2-W0.4.0003.ccpdp;796322;1814;1.16104e+06;344296;512
../../../testInst/rg-256-q-2x2.0001.ccpdp;1.40216e+06;1793;2.19581e+06;3293564;512
../../../testInst/rg-256-q-2x2.0002.ccpdp;1.35069e+06;1816;2.01935e+06;2551455;512
../../../testInst/rg-256-q-2x2.0003.ccpdp;1.30684e+06;1826;2.05914e+06;3175975;512
../../../testInst/rg-256-q-3x3-W0.1.0001.ccpdp;1.2107e+06;1822;1.96177e+06;2141616;512
../../../testInst/rg-256-q-3x3-W0.1.0002.ccpdp;1.2609e+06;1808;1.95443e+06;1373537;512
../../../testInst/rg-256-q-3x3-W0.1.0003.ccpdp;1.30853e+06;1831;1.82863e+06;2444235;512
../../../testInst/rg-256-q-3x3-W0.2.0001.ccpdp;1.07887e+06;1932;1.59286e+06;337443;512
../../../testInst/rg-256-q-3x3-W0.2.0002.ccpdp;1.1251e+06;1857;1.71751e+06;273987;512
../../../testInst/rg-256-q-3x3-W0.2.0003.ccpdp;1.18062e+06;1798;1.82962e+06;553165;512
../../../testInst/rg-256-q-3x3-W0.3.0001.ccpdp;944001;1814;1.34818e+06;154801;512
../../../testInst/rg-256-q-3x3-W0.3.0002.ccpdp;984462;1804;1.53972e+06;124932;512
../../../testInst/rg-256-q-3x3-W0.3.0003.ccpdp;1.03565e+06;1797;1.48896e+06;161623;512
../../../testInst/rg-256-q-3x3-W0.4.0001.ccpdp;809129;1823;1.15559e+06;146064;512
../../../testInst/rg-256-q-3x3-W0.4.0002.ccpdp;843820;1809;1.31977e+06;114757;512
../../../testInst/rg-256-q-3x3-W0.4.0003.ccpdp;887715;1830;1.27626e+06;150228;512
../../../testInst/rg-256-q-3x3.0001.ccpdp;1.32202e+06;1826;1.94012e+06;1806208;512
../../../testInst/rg-256-q-3x3.0002.ccpdp;1.36153e+06;1843;2.01501e+06;3480593;512
../../../testInst/rg-256-q-3x3.0003.ccpdp;1.36911e+06;1803;2.0828e+06;2749101;512
../../../testInst/rg-256-q-4x4-W0.1.0001.ccpdp;1.27199e+06;1822;1.97072e+06;7139904;512
../../../testInst/rg-256-q-4x4-W0.1.0002.ccpdp;1.26979e+06;1852;1.8373e+06;2193180;512
../../../testInst/rg-256-q-4x4-W0.1.0003.ccpdp;1.2665e+06;1878;1.98385e+06;1174584;512
../../../testInst/rg-256-q-4x4-W0.2.0001.ccpdp;1.1488e+06;1822;1.63139e+06;277153;512
../../../testInst/rg-256-q-4x4-W0.2.0002.ccpdp;1.15976e+06;1802;1.72398e+06;1795638;512
../../../testInst/rg-256-q-4x4-W0.2.0003.ccpdp;1.15854e+06;1826;1.73419e+06;2076123;512
../../../testInst/rg-256-q-4x4-W0.3.0001.ccpdp;1.00796e+06;1821;1.3569e+06;67894;512
../../../testInst/rg-256-q-4x4-W0.3.0002.ccpdp;1.0201e+06;1798;1.36304e+06;118412;512
../../../testInst/rg-256-q-4x4-W0.3.0003.ccpdp;1.01859e+06;1795;1.45085e+06;141113;512
../../../testInst/rg-256-q-4x4-W0.4.0001.ccpdp;863959;1824;1.16306e+06;65859;512
../../../testInst/rg-256-q-4x4-W0.4.0002.ccpdp;874379;1802;1.17104e+06;65500;512
../../../testInst/rg-256-q-4x4-W0.4.0003.ccpdp;873080;1830;1.24358e+06;70779;512
../../../testInst/rg-256-q-4x4.0001.ccpdp;1.34334e+06;1789;2.02838e+06;1885115;512
../../../testInst/rg-256-q-4x4.0002.ccpdp;1.30415e+06;1832;1.94812e+06;2641205;512
../../../testInst/rg-256-q-4x4.0003.ccpdp;1.34554e+06;1844;2.06327e+06;2153188;512
../../../testInst/rg-256-q-5x5-W0.1.0001.ccpdp;1.26862e+06;2432;1.79164e+06;3365123;512
../../../testInst/rg-256-q-5x5-W0.1.0002.ccpdp;1.31376e+06;1829;2.1158e+06;2751037;512
../../../testInst/rg-256-q-5x5-W0.1.0003.ccpdp;1.31365e+06;1795;1.97028e+06;3384487;512
../../../testInst/rg-256-q-5x5-W0.2.0001.ccpdp;1.16118e+06;1808;1.69902e+06;1392543;512
../../../testInst/rg-256-q-5x5-W0.2.0002.ccpdp;1.21732e+06;1815;2.00958e+06;6360662;512
../../../testInst/rg-256-q-5x5-W0.2.0003.ccpdp;1.19921e+06;1817;1.78411e+06;957398;512
../../../testInst/rg-256-q-5x5-W0.3.0001.ccpdp;1.02293e+06;1807;1.32055e+06;179819;512
../../../testInst/rg-256-q-5x5-W0.3.0002.ccpdp;1.08444e+06;1826;1.45112e+06;108819;512
../../../testInst/rg-256-q-5x5-W0.3.0003.ccpdp;1.05946e+06;1833;1.56743e+06;268172;512
../../../testInst/rg-256-q-5x5-W0.4.0001.ccpdp;878663;1783;1.13551e+06;78271;512
../../../testInst/rg-256-q-5x5-W0.4.0002.ccpdp;930687;1801;1.20273e+06;47427;512
../../../testInst/rg-256-q-5x5-W0.4.0003.ccpdp;908112;1839;1.22459e+06;94101;512
../../../testInst/rg-256-q-5x5.0001.ccpdp;1.33515e+06;1791;2.14254e+06;5729717;512
../../../testInst/rg-256-q-5x5.0002.ccpdp;1.36139e+06;1806;2.10209e+06;3001778;512
../../../testInst/rg-256-q-5x5.0003.ccpdp;1.38559e+06;1792;1.9956e+06;5335946;512
